AGE,SEX,STEROID,ANTIVIRALS,FATIGUE,MALAISE,ANOREXIA,LIVER_BIG,LIVER_FIRM,SPLEEN_PALPABLE,SPIDERS,ASCITES,VARICES,BILIRUBIN,ALK_PHOSPHATE,SGOT,ALBUMIN,PROTIME,HISTOLOGY
1.4303182792023028,0,0,0,1,1,0,1,1,1,1,0,0,-0.1325612556776704,0.1316485740758729,1.0102088173704316,-0.1445090233193794,-1.297813304718213,1
-0.8684075266585415,0,1,0,0,0,0,1,0,0,0,0,0,-0.6628062783883524,0.0247413793506861,-0.1919705449357484,0.4594092830899676,0.6055067715002783,0
-0.5278555554198978,0,0,0,0,0,0,0,1,1,0,0,0,-0.6628062783883524,1.350390593943003,-0.4505037411306258,-0.8994069063310633,-1.1880063772440692,0
-0.2724415769909151,0,1,0,1,0,0,1,0,0,0,0,0,-0.4639643948718466,-1.4291964689118548,-0.825376875613198,0.4594092830899676,-0.7121763581894465,0
1.9411462360602685,0,1,0,1,1,0,1,1,1,1,1,0,-0.9279287897436932,1.692493617063601,-0.3341638028429309,-1.2013660595357372,0.0198698249715117,1
